Question,Answer
Nasa space app ,Can't get match answer
Nasa space app ,Can't get match answer
Nasa space app ,Can't get match answer
Nasa space app ,Can't get match answer
Nasa space app ,Can't get match answer
Nasa space app ,Can't get match answer
Nasa space app ,Can't get match answer
Nasa space app ,Can't get match answer
Nasa space app ,Can't get match answer
Nasa space app ,Can't get match answer
Nasa space app ,Can't get match answer
Nasa space app ,Can't get match answer
Nasa space app ,Can't get match answer
Nasa space app ,Can't get match answer
Nasa space app ,Can't get match answer
Nasa space app ,Can't get match answer
Nasa space app ,Can't get match answer
Nasa space app ,Can't get match answer
Nasa space app ,Can't get match answer
Nasa space app ,Can't get match answer
Nasa space app ,Can't get match answer
Nasa space app ,Can't get match answer
Nasa space app ,Can't get match answer
Nasa space app ,Can't get match answer
Nasa space app ,Can't get match answer
Nasa space app ,Can't get match answer
Nasa space app ,Can't get match answer
Nasa space app ,Can't get match answer
Nasa space app ,Can't get match answer
Nasa space app ,Can't get match answer
Nasa space app ,Can't get match answer
Nasa space app ,Can't get match answer
Nasa space app ,Can't get match answer
Nasa space app ,Can't get match answer
Nasa space app ,Can't get match answer
Nasa space app ,Can't get match answer
Nasa space app ,Can't get match answer
Nasa space app ,Can't get match answer
Nasa space app ,Can't get match answer
Nasa space app ,Can't get match answer
Nasa space app ,Can't get match answer
Nasa space app ,Can't get match answer
Nasa space app ,Can't get match answer
Nasa space app ,Can't get match answer
Nasa space app ,Can't get match answer
Nasa space app ,Can't get match answer
Nasa space app ,Can't get match answer
Nasa space app ,Can't get match answer
Nasa space app ,Can't get match answer
Nasa space app ,Can't get match answer
Nasa space app ,Can't get match answer
Nasa space app ,Can't get match answer
Nasa space app ,Can't get match answer
Nasa space app ,Can't get match answer
Nasa space app ,Can't get match answer
Nasa space app ,Can't get match answer
Nasa space app ,Can't get match answer
Nasa space app ,Can't get match answer
Nasa space app ,Can't get match answer
Nasa space app ,Can't get match answer
Nasa space app ,Can't get match answer
Nasa space app ,Can't get match answer
Nasa space app ,Can't get match answer
Nasa space app ,Can't get match answer
Nasa space app ,Can't get match answer
Nasa space app ,Can't get match answer
Nasa space app ,Can't get match answer
Nasa space app ,Can't get match answer
Nasa space app ,Can't get match answer
Nasa space app ,Can't get match answer
Nasa space app ,Can't get match answer
Nasa space app ,Can't get match answer
Nasa space app ,Can't get match answer
Nasa space app ,Can't get match answer
Nasa space app ,Can't get match answer
Nasa space app ,Can't get match answer
Nasa space app ,Can't get match answer
Nasa space app ,Can't get match answer
Nasa space app ,Can't get match answer
Nasa space app ,Can't get match answer
Nasa space app ,Can't get match answer
Nasa space app ,Can't get match answer
Nasa space app ,Can't get match answer
Nasa space app ,Can't get match answer
Nasa space app ,Can't get match answer
Nasa space app ,Can't get match answer
Nasa space app ,Can't get match answer
Nasa space app ,Can't get match answer
Nasa space app ,Can't get match answer
Nasa space app ,Can't get match answer
Nasa space app ,Can't get match answer
Nasa space app ,Can't get match answer
Nasa space app ,Can't get match answer
Nasa space app ,Can't get match answer
Nasa space app ,Can't get match answer
Nasa space app ,Can't get match answer
Nasa space app ,Can't get match answer
Nasa space app ,Can't get match answer
Nasa space app ,Can't get match answer
Nasa space app ,Can't get match answer
Nasa space app ,Can't get match answer
Nasa space app ,Can't get match answer
Nasa space app ,Can't get match answer
Nasa space app ,Can't get match answer
Nasa space app ,Can't get match answer
Nasa space app ,Can't get match answer
Nasa space app ,Can't get match answer
Nasa space app ,Can't get match answer
Nasa space app ,Can't get match answer
Nasa space app ,Can't get match answer
Nasa space app ,Can't get match answer
Nasa space app ,Can't get match answer
Nasa space app ,Can't get match answer
Nasa space app ,Can't get match answer
Nasa space app ,Can't get match answer
Nasa space app ,Can't get match answer
Nasa space app ,Can't get match answer
